{"cameraMode":{"drawMode":0,"name":"Shaded","section":"Shading Mode"},"sceneLighting":true,"audioPlay":false,"sceneViewState":{"showFog":true,"showMaterialUpdate":true,"showSkybox":true,"showFlares":true,"showImageEffects":true,"showParticleSystems":true},"in2DMode":false,"pivot":{"x":1.8894312381744385,"y":5.811777114868164,"z":-0.6725254058837891},"rotation":{"x":0.11006966978311539,"y":0.11363912373781204,"z":-0.012575941160321236,"w":0.9874345660209656},"size":5.070260047912598,"orthographic":false}