{"cameraMode":{"drawMode":0,"name":"Shaded","section":"Shading Mode"},"sceneLighting":true,"audioPlay":false,"sceneViewState":{"showFog":true,"showMaterialUpdate":true,"showSkybox":true,"showFlares":true,"showImageEffects":true,"showParticleSystems":true},"in2DMode":false,"pivot":{"x":-0.17364145815372468,"y":4.815968036651611,"z":-0.6944184303283691},"rotation":{"x":0.16130471229553224,"y":0.009460914880037308,"z":-0.0014559563715010882,"w":0.9869672060012817},"size":5.070260047912598,"orthographic":false}